slope,intercept,slope_in_range
4.940251338306326,-2.3531602680954715,FALSE
